-- to execute this script (through terminal), enter the MySQL terminal and type the command:
-- source <entire file path to this file>/dummySQLData.sql

-- insert users
INSERT INTO users (userID, createdAt,updatedAt) VALUES ("1c", "2022-03-04 09:22:11","2022-03-04 20:34:13");
INSERT INTO users (userID, createdAt,updatedAt) VALUES ("2c", "2022-03-04 09:22:11","2022-03-04 20:34:13");
INSERT INTO users (userID, createdAt,updatedAt) VALUES ("3c", "2022-03-04 09:22:11","2022-03-04 20:34:13");
INSERT INTO users (userID, createdAt,updatedAt) VALUES ("4c", "2022-03-04 09:22:11","2022-03-04 20:34:13");
INSERT INTO users (userID, createdAt,updatedAt) VALUES ("5c", "2022-03-04 09:22:11","2022-03-04 20:34:13");
INSERT INTO users (userID, createdAt,updatedAt) VALUES ("6c", "2022-03-04 09:22:11","2022-03-04 20:34:13");
INSERT INTO users (userID, createdAt,updatedAt) VALUES ("7c", "2022-03-04 09:22:11","2022-03-04 20:34:13");
INSERT INTO users (userID, createdAt,updatedAt) VALUES ("8c", "2022-03-04 09:22:11","2022-03-04 20:34:13");
INSERT INTO users (userID, createdAt,updatedAt) VALUES ("9c", "2022-03-04 09:22:11","2022-03-04 20:34:13");
INSERT INTO users (userID, createdAt,updatedAt) VALUES ("QwduOsS2eBPOAFmVG69anKXIfGC3", "2022-03-04 09:22:11","2022-03-04 20:34:13");
INSERT INTO users (userID, createdAt,updatedAt) VALUES ("11c", "2022-03-04 09:22:11","2022-03-04 20:34:13");
INSERT INTO users (userID, createdAt,updatedAt) VALUES ("12c", "2022-03-04 09:22:11","2022-03-04 20:34:13");
INSERT INTO users (userID, createdAt,updatedAt) VALUES ("13c", "2022-03-04 09:22:11","2022-03-04 20:34:13");
INSERT INTO users (userID, createdAt,updatedAt) VALUES ("14c", "2022-03-04 09:22:11","2022-03-04 20:34:13");
INSERT INTO users (userID, createdAt,updatedAt) VALUES ("15c", "2022-03-04 09:22:11","2022-03-04 20:34:13");
INSERT INTO users (userID, createdAt,updatedAt) VALUES ("16c", "2022-03-04 09:22:11","2022-03-04 20:34:13");
INSERT INTO users (userID, createdAt,updatedAt) VALUES ("17c", "2022-03-04 09:22:11","2022-03-04 20:34:13");
INSERT INTO users (userID, createdAt,updatedAt) VALUES ("18c", "2022-03-04 09:22:11","2022-03-04 20:34:13");
INSERT INTO users (userID, createdAt,updatedAt) VALUES ("19c", "2022-03-04 09:22:11","2022-03-04 20:34:13");
INSERT INTO users (userID, createdAt,updatedAt) VALUES ("20c", "2022-03-04 09:22:11","2022-03-04 20:34:13");
INSERT INTO users (userID, createdAt,updatedAt) VALUES ("21c", "2022-03-04 09:22:11","2022-03-04 20:34:13");
INSERT INTO users (userID, createdAt,updatedAt) VALUES ("pocketchangeAdmin", "2022-03-04 09:22:11","2022-03-04 20:34:13");

-- insert pockets
INSERT INTO pockets (pocketID, circulatingChange, changeRate, createdAt, updatedAt) VALUES ("1p", 16.00, 0.08, "2022-02-04 09:22:11","2022-02-04 20:34:13");
INSERT INTO pockets (pocketID, circulatingChange, changeRate, createdAt, updatedAt) VALUES ("2p", 4.50, 0.08, "2022-02-04 09:22:11","2022-02-04 20:34:13");
INSERT INTO pockets (pocketID, circulatingChange, changeRate, createdAt, updatedAt) VALUES ("3p", 0.00, 0.08, "2022-02-04 09:22:11","2022-02-04 20:34:13");
INSERT INTO pockets (pocketID, circulatingChange, changeRate, createdAt, updatedAt) VALUES ("4p", 0.00, 0.08, "2022-02-04 09:22:11","2022-02-04 20:34:13");

-- insert businesses
INSERT INTO businesses (businessID, createdAt, updatedAt) VALUES ("1b",  "2022-02-04 09:22:11","2022-02-04 20:34:13");
INSERT INTO businesses (businessID, createdAt, updatedAt) VALUES ("2b","2022-02-04 09:22:11","2022-02-04 20:34:13");
INSERT INTO businesses (businessID, createdAt, updatedAt) VALUES ("3b","2022-02-04 09:22:11","2022-02-04 20:34:13");
INSERT INTO businesses (businessID, createdAt, updatedAt) VALUES ("4b", "2022-02-04 09:22:11","2022-02-04 20:34:13");
INSERT INTO businesses (businessID, createdAt, updatedAt) VALUES ("5b","2022-02-04 09:22:11","2022-02-04 20:34:13");
INSERT INTO businesses (businessID, createdAt, updatedAt) VALUES ("6b", "2022-02-04 09:22:11","2022-02-04 20:34:13");
INSERT INTO businesses (businessID, createdAt, updatedAt) VALUES ("7b","2022-02-04 09:22:11","2022-02-04 20:34:13");
INSERT INTO businesses (businessID, createdAt, updatedAt) VALUES ("8b", "2022-02-04 09:22:11","2022-02-04 20:34:13");
INSERT INTO businesses (businessID, createdAt, updatedAt) VALUES ("9b","2022-02-04 09:22:11","2022-02-04 20:34:13");
INSERT INTO businesses (businessID, createdAt, updatedAt) VALUES ("10b", "2022-02-04 09:22:11","2022-02-04 20:34:13");
INSERT INTO businesses (businessID, createdAt, updatedAt) VALUES ("11b","2022-02-04 09:22:11","2022-02-04 20:34:13");
INSERT INTO businesses (businessID, createdAt, updatedAt) VALUES ("12b", "2022-02-04 09:22:11","2022-02-04 20:34:13");
-- INSERT INTO businesses (businessID, createdAt, updatedAt) VALUES ("13b","2022-02-04 09:22:11","2022-02-04 20:34:13");
-- INSERT INTO businesses (businessID, createdAt, updatedAt) VALUES ("14b", "2022-02-04 09:22:11","2022-02-04 20:34:13");
-- INSERT INTO businesses (businessID, createdAt, updatedAt) VALUES ("15b","2022-02-04 09:22:11","2022-02-04 20:34:13");
-- INSERT INTO businesses (businessID, createdAt, updatedAt) VALUES ("16b", "2022-02-04 09:22:11","2022-02-04 20:34:13");

-- insert transactions
INSERT INTO transactions (transactionID,userID, value, date, businessID, pocketID, changeRedeemed, changeEarned,refunded, refundDate, createdAt,updatedAt) VALUES 
("1t","1c", "20.00", "2022-06-04 09:22:11", "1b", "1p", 00.00, 01.60, false, null, "2021-03-04 09:22:11","2021-03-04 20:34:13");
INSERT INTO transactions (transactionID,userID, value, date, businessID, pocketID, changeRedeemed, changeEarned, refunded, refundDate,createdAt,updatedAt) VALUES 
("2t","2c", "30.00", "2022-06-04 09:22:11", "8b", "2p", 00.00, 03.00, false, null, "2021-03-04 09:22:11","2021-03-04 20:34:13");
INSERT INTO transactions (transactionID,userID, value, date, businessID, pocketID, changeRedeemed, changeEarned,refunded, refundDate, createdAt,updatedAt) VALUES 
("3t","1c", "50.00", "2022-06-04 09:22:11", "2b", "1p", 00.00, 04.00,false, null, "2021-03-06 09:22:11","2021-03-06 20:34:13");
INSERT INTO transactions (transactionID,userID, value, date, businessID, pocketID, changeRedeemed, changeEarned,refunded, refundDate, createdAt,updatedAt) VALUES 
("4t","2c", "16.00", "2022-06-04 09:22:11", "7b", "2p", 03.00, 00.00, false, null, "2021-03-06 09:22:11","2021-03-06 20:34:13");
INSERT INTO transactions (transactionID,userID, value, date, businessID, pocketID, changeRedeemed, changeEarned, refunded, refundDate,createdAt,updatedAt) VALUES 
("5t","3c", "25.00", "2022-06-04 09:22:11", "2b", "1p", 00.00, 02.00, false, null, "2021-03-06 09:22:11","2021-03-06 20:34:13");
INSERT INTO transactions (transactionID,userID, value, date, businessID, pocketID, changeRedeemed, changeEarned, refunded, refundDate,createdAt,updatedAt) VALUES 
("6t","4c", "25.00", "2022-06-04 09:22:11", "5b", "2p", 00.00, 02.50, false, null, "2021-03-06 09:22:11","2021-03-06 20:34:13");
INSERT INTO transactions (transactionID,userID, value, date, businessID, pocketID, changeRedeemed, changeEarned,refunded, refundDate, createdAt,updatedAt) VALUES 
("7t","5c", "45.00", "2022-06-04 09:22:11", "3b", "1p", 00.00, 03.60, false, null, "2021-03-06 09:22:11","2021-03-06 20:34:13");
INSERT INTO transactions (transactionID,userID, value, date, businessID, pocketID, changeRedeemed, changeEarned, refunded, refundDate, createdAt,updatedAt) VALUES 
("8t","1c", "60.00", "2022-06-04 09:22:11", "4b", "1p", 00.00, 04.80, false, null, "2021-03-10 09:22:11","2021-03-10 20:34:13");
INSERT INTO transactions (transactionID,userID, value, date, businessID, pocketID, changeRedeemed, changeEarned, refunded, refundDate,createdAt,updatedAt) VALUES 
("9t","2c", "10.00", "2022-06-04 09:22:11", "6b", "2p", 00.00, 01.00, false, null, "2021-03-10 09:22:11","2021-03-10 20:34:13");
INSERT INTO transactions (transactionID,userID, value, date, businessID, pocketID, changeRedeemed, changeEarned, refunded, refundDate, createdAt,updatedAt) VALUES 
("10t","1c", "10.00", "2022-06-04 09:22:11", "6b", "2p", 00.00, 01.00, false, null, "2021-03-10 09:22:11","2021-03-10 20:34:13");


-- insert changes
INSERT INTO changeBalances (changeBalanceID,pocketID, value, userID, expiryDate, createdAt, updatedAt) VALUES ("1change", "1p",  10.40, "1c", "2023-02-04 20:34:13","2022-02-04 09:22:11","2022-02-04 20:34:13");
INSERT INTO changeBalances (changeBalanceID,pocketID, value, userID, expiryDate, createdAt, updatedAt) VALUES ("2change", "2p",  01.00, "1c", "2023-02-04 20:34:13","2022-02-04 20:34:13","2022-02-04 20:34:13");
INSERT INTO changeBalances (changeBalanceID,pocketID, value, userID, expiryDate, createdAt, updatedAt) VALUES ("3change", "2p",  01.00, "2c", "2023-02-04 20:34:13","2023-02-04 20:34:13","2022-02-04 20:34:13");
INSERT INTO changeBalances (changeBalanceID,pocketID, value, userID, expiryDate, createdAt, updatedAt) VALUES ("4change", "1p",  02.00, "3c", "2023-02-04 20:34:13","2023-02-04 20:34:13","2022-02-04 20:34:13");
INSERT INTO changeBalances (changeBalanceID,pocketID, value, userID, expiryDate, createdAt, updatedAt) VALUES ("5change", "2p",  02.50, "4c", "2023-02-04 20:34:13","2023-02-04 20:34:13","2022-02-04 20:34:13");

-- insert IsIns
INSERT INTO isIns (businessID, pocketID, createdAt, updatedAt)  VALUES ("1b", "1p","2022-02-04 09:22:11","2022-02-04 20:34:13");
INSERT INTO isIns (businessID, pocketID, createdAt, updatedAt)  VALUES ("2b", "1p","2022-02-04 09:22:11","2022-02-04 20:34:13");
INSERT INTO isIns (businessID, pocketID, createdAt, updatedAt)  VALUES ("3b", "1p","2022-02-04 09:22:11","2022-02-04 20:34:13");
INSERT INTO isIns  (businessID, pocketID, createdAt, updatedAt)  VALUES ("4b", "1p","2022-02-04 09:22:11","2022-02-04 20:34:13");
INSERT INTO isIns  (businessID, pocketID, createdAt, updatedAt)  VALUES ("5b", "2p","2022-02-04 09:22:11","2022-02-04 20:34:13");
INSERT INTO isIns  (businessID, pocketID, createdAt, updatedAt)  VALUES ("6b", "2p","2022-02-04 09:22:11","2022-02-04 20:34:13");
INSERT INTO isIns  (businessID, pocketID, createdAt, updatedAt)  VALUES ("7b", "2p","2022-02-04 09:22:11","2022-02-04 20:34:13");
INSERT INTO isIns  (businessID, pocketID, createdAt, updatedAt)  VALUES ("8b", "2p","2022-02-04 09:22:11","2022-02-04 20:34:13");
INSERT INTO isIns  (businessID, pocketID, createdAt, updatedAt)  VALUES ("9b", "3p","2022-02-04 09:22:11","2022-02-04 20:34:13");
INSERT INTO isIns  (businessID, pocketID, createdAt, updatedAt)  VALUES ("10b", "3p","2022-02-04 09:22:11","2022-02-04 20:34:13");
INSERT INTO isIns  (businessID, pocketID, createdAt, updatedAt)  VALUES ("11b", "3p","2022-02-04 09:22:11","2022-02-04 20:34:13");
INSERT INTO isIns  (businessID, pocketID, createdAt, updatedAt)  VALUES ("12b", "3p","2022-02-04 09:22:11","2022-02-04 20:34:13");
-- INSERT INTO isIns  (businessID, pocketID, createdAt, updatedAt)  VALUES ("13b", "4p","2022-02-04 09:22:11","2022-02-04 20:34:13");
-- INSERT INTO isIns  (businessID, pocketID, createdAt, updatedAt)  VALUES ("14b", "4p","2022-02-04 09:22:11","2022-02-04 20:34:13");
-- INSERT INTO isIns  (businessID, pocketID, createdAt, updatedAt)  VALUES ("15b", "4p","2022-02-04 09:22:11","2022-02-04 20:34:13");
-- INSERT INTO isIns  (businessID, pocketID, createdAt, updatedAt)  VALUES ("16b", "4p","2022-02-04 09:22:11","2022-02-04 20:34:13");

-- insert isMembers
INSERT INTO isMembers (userID, pocketID, createdAt, updatedAt)  VALUES ("1c", "1p", "2022-02-04 09:22:11","2022-02-04 20:34:13");
INSERT INTO isMembers (userID, pocketID, createdAt, updatedAt)  VALUES ("1c", "2p",  "2022-02-04 09:22:11","2022-02-04 20:34:13");
INSERT INTO isMembers (userID, pocketID, createdAt, updatedAt)  VALUES ("2c", "2p",  "2022-02-04 09:22:11","2022-02-04 20:34:13");
INSERT INTO isMembers (userID, pocketID, createdAt, updatedAt)  VALUES ("3c", "1p",  "2022-02-04 09:22:11","2022-02-04 20:34:13");
INSERT INTO isMembers (userID, pocketID, createdAt, updatedAt)  VALUES ("3c", "3p",  "2022-02-04 09:22:11","2022-02-04 20:34:13");
INSERT INTO isMembers (userID, pocketID, createdAt, updatedAt)  VALUES ("4c", "1p",  "2022-02-04 09:22:11","2022-02-04 20:34:13");
INSERT INTO isMembers (userID, pocketID, createdAt, updatedAt)  VALUES ("4c", "4p",  "2022-02-04 09:22:11","2022-02-04 20:34:13");
INSERT INTO isMembers (userID, pocketID, createdAt, updatedAt)  VALUES ("5c", "1p",  "2022-02-04 09:22:11","2022-02-04 20:34:13");
INSERT INTO isMembers (userID, pocketID, createdAt, updatedAt)  VALUES ("6c", "1p", "2022-02-04 09:22:11","2022-02-04 20:34:13");
INSERT INTO isMembers (userID, pocketID, createdAt, updatedAt)  VALUES ("6c", "2p", "2022-02-04 09:22:11","2022-02-04 20:34:13");
INSERT INTO isMembers (userID, pocketID, createdAt, updatedAt)  VALUES ("7c", "1p",  "2022-02-04 09:22:11","2022-02-04 20:34:13");
INSERT INTO isMembers (userID, pocketID, createdAt, updatedAt)  VALUES ("QwduOsS2eBPOAFmVG69anKXIfGC3", "2p", "2022-02-04 09:22:11","2022-02-04 20:34:13");

-- insert roles
INSERT INTO roles (roleID, userID, entityID, type, role, createdAt, updatedAt)  VALUES ("1role", "6c", "1b", "merchant", "owner", "2022-02-04 09:22:11","2022-02-04 20:34:13");
INSERT INTO roles (roleID, userID, entityID, type, role, createdAt, updatedAt)  VALUES ("2role" "7c", "2b", "merchant", "owner", "2022-02-04 09:22:11","2022-02-04 20:34:13");
INSERT INTO roles (roleID, userID, entityID, type, role, createdAt, updatedAt)  VALUES ("3role", "8c", "3b", "merchant","owner", "2022-02-04 09:22:11","2022-02-04 20:34:13");
INSERT INTO roles (roleID, userID, entityID, type, role, createdAt, updatedAt)  VALUES ("4role", "9c", "4b", "merchant","owner", "2022-02-04 09:22:11","2022-02-04 20:34:13");
INSERT INTO roles (roleID, userID, entityID, type, role, createdAt, updatedAt)  VALUES ("5role", "QwduOsS2eBPOAFmVG69anKXIfGC3", "5b", "merchant", "owner", "2022-02-04 09:22:11","2022-02-04 20:34:13");
INSERT INTO roles (roleID, userID, entityID, type, role, createdAt, updatedAt)  VALUES ("6role", "11c", "6b","merchant", "owner", "2022-02-04 09:22:11","2022-02-04 20:34:13");
INSERT INTO roles (roleID, userID, entityID, type, role, createdAt, updatedAt)  VALUES ("7role", "12c", "7b", "merchant","owner", "2022-02-04 09:22:11","2022-02-04 20:34:13");
INSERT INTO roles (roleID, userID, entityID, type, role, createdAt, updatedAt)  VALUES ("8role", "13c", "8b", "merchant","owner", "2022-02-04 09:22:11","2022-02-04 20:34:13");
INSERT INTO roles (roleID, userID, entityID, type, role, createdAt, updatedAt)  VALUES ("9role", "14c", "9b", "merchant","owner", "2022-02-04 09:22:11","2022-02-04 20:34:13");
INSERT INTO roles (roleID, userID, entityID, type, role, createdAt, updatedAt)  VALUES ("10role", "15c", "10b", "merchant","owner", "2022-02-04 09:22:11","2022-02-04 20:34:13");
INSERT INTO roles (roleID, userID, entityID, type, role, createdAt, updatedAt)  VALUES ("11role", "16c", "11b", "merchant","owner", "2022-02-04 09:22:11","2022-02-04 20:34:13");
INSERT INTO roles (roleID, userID, entityID, type, role, createdAt, updatedAt)  VALUES ("12role", "17c", "12b", "merchant","owner", "2022-02-04 09:22:11","2022-02-04 20:34:13");
INSERT INTO roles (roleID, userID, entityID, type, role, createdAt, updatedAt)  VALUES ("13role", "6c", "1p", "leader", "manager", "2022-02-04 09:22:11","2022-02-04 20:34:13");
INSERT INTO roles (roleID, userID, entityID, type, role, createdAt, updatedAt)  VALUES ("14role", "14c", "3p", "leader","manager", "2022-02-04 09:22:11","2022-02-04 20:34:13");
INSERT INTO roles (roleID, userID, entityID, type, role, createdAt, updatedAt)  VALUES ("15role", "18c", "4p", "leader", "manager", "2022-02-04 09:22:11","2022-02-04 20:34:13");
INSERT INTO roles (roleID, userID, entityID, type, role, createdAt, updatedAt)  VALUES ("16role", "QwduOsS2eBPOAFmVG69anKXIfGC3", "2p","manager", "2022-02-04 09:22:11","2022-02-04 20:34:13");
-- INSERT INTO roles (roleID, userID, entityID, type, role, createdAt, updatedAt)  VALUES ("17role", "18c", "13b", "merchant", "owner", "2022-02-04 09:22:11","2022-02-04 20:34:13");
-- INSERT INTO roles (roleID, userID, entityID, type, role, createdAt, updatedAt)  VALUES ("18role", "19c", "14b", "merchant","owner", "2022-02-04 09:22:11","2022-02-04 20:34:13");
-- INSERT INTO roles (roleID, userID, entityID, type, role, createdAt, updatedAt)  VALUES ("19role", "20c", "15b", "merchant", "owner", "2022-02-04 09:22:11","2022-02-04 20:34:13");
-- INSERT INTO roles (roleID, userID, entityID, type, role, createdAt, updatedAt)  VALUES ("20role", "21c", "16b", "merchant", "owner", "2022-02-04 09:22:11","2022-02-04 20:34:13");

-- insert loves
INSERT INTO loves (userID, businessID, createdAt, updatedAt)  VALUES ("1c", "1b", "2022-02-04 09:22:11","2022-02-04 20:34:13");
INSERT INTO loves (userID, businessID, createdAt, updatedAt)  VALUES ("1c", "2b", "2022-02-04 09:22:11","2022-02-04 20:34:13");
INSERT INTO loves (userID, businessID, createdAt, updatedAt)  VALUES ("1c", "3b", "2022-02-04 09:22:11","2022-02-04 20:34:13");
INSERT INTO loves (userID, businessID, createdAt, updatedAt)  VALUES ("2c", "8b", "2022-02-04 09:22:11","2022-02-04 20:34:13");
INSERT INTO loves (userID, businessID, createdAt, updatedAt)  VALUES ("2c", "5b", "2022-02-04 09:22:11","2022-02-04 20:34:13");
INSERT INTO loves (userID, businessID, createdAt, updatedAt)  VALUES ("3c", "2b", "2022-02-04 09:22:11","2022-02-04 20:34:13");
INSERT INTO loves (userID, businessID, createdAt, updatedAt)  VALUES ("3c", "1b", "2022-02-04 09:22:11","2022-02-04 20:34:13");
INSERT INTO loves (userID, businessID, createdAt, updatedAt)  VALUES ("4c", "5b", "2022-02-04 09:22:11","2022-02-04 20:34:13");
INSERT INTO loves (userID, businessID, createdAt, updatedAt)  VALUES ("5c", "1b", "2022-02-04 09:22:11","2022-02-04 20:34:13");
INSERT INTO loves (userID, businessID, createdAt, updatedAt)  VALUES ("5c", "4b", "2022-02-04 09:22:11","2022-02-04 20:34:13");
INSERT INTO loves (userID, businessID, createdAt, updatedAt)  VALUES ("6c", "1b", "2022-02-04 09:22:11","2022-02-04 20:34:13");
INSERT INTO loves (userID, businessID, createdAt, updatedAt)  VALUES ("7c", "2b", "2022-02-04 09:22:11","2022-02-04 20:34:13");
INSERT INTO loves (userID, businessID, createdAt, updatedAt)  VALUES ("8c", "3b", "2022-02-04 09:22:11","2022-02-04 20:34:13");
INSERT INTO loves (userID, businessID, createdAt, updatedAt)  VALUES ("9c", "4b", "2022-02-04 09:22:11","2022-02-04 20:34:13");
INSERT INTO loves (userID, businessID, createdAt, updatedAt)  VALUES ("QwduOsS2eBPOAFmVG69anKXIfGC3", "5b", "2022-02-04 09:22:11","2022-02-04 20:34:13");
INSERT INTO loves (userID, businessID, createdAt, updatedAt)  VALUES ("11c", "6b", "2022-02-04 09:22:11","2022-02-04 20:34:13");
INSERT INTO loves (userID, businessID, createdAt, updatedAt)  VALUES ("12c", "7b", "2022-02-04 09:22:11","2022-02-04 20:34:13");
INSERT INTO loves (userID, businessID, createdAt, updatedAt)  VALUES ("13c", "8b", "2022-02-04 09:22:11","2022-02-04 20:34:13");

-- insert geolocation 
INSERT INTO geolocations (geolocationID, userID, timestamp, latitude, longitude, createdAt, updatedAt) VALUES ("1geo", "1c", "2022-08-04 13:10:11", 43.6819014, -79.408669, "2022-08-04 13:10:11", "2022-08-04 13:10:11");
INSERT INTO geolocations (geolocationID, userID, timestamp, latitude, longitude, createdAt, updatedAt) VALUES ("2geo","1c", "2022-08-04 13:15:15", 43.671845, -79.3740792, "2022-08-04 13:15:11", "2022-08-04 13:15:11");
INSERT INTO geolocations (geolocationID, userID, timestamp, latitude, longitude, createdAt, updatedAt) VALUES ("3geo","1c", "2022-08-04 13:20:15", 43.661132, -79.3440358, "2022-08-04 13:20:11", "2022-08-04 13:20:11");
INSERT INTO geolocations (geolocationID, userID, timestamp, latitude, longitude, createdAt, updatedAt) VALUES ("4geo","2c", "2022-08-04 13:10:11", 43.6613675, -79.3530894, "2022-08-04 13:10:11", "2022-08-04 13:10:11");
INSERT INTO geolocations (geolocationID, userID, timestamp, latitude, longitude, createdAt, updatedAt) VALUES ("5geo","2c", "2022-08-04 13:15:15", 43.660452, -79.3457077, "2022-08-04 13:15:11", "2022-08-04 13:15:11");
INSERT INTO geolocations (geolocationID, userID, timestamp, latitude, longitude, createdAt, updatedAt) VALUES ("6geo","2c", "2022-08-04 13:20:15", 43.661132, -79.3440358, "2022-08-04 13:20:11", "2022-08-04 13:20:11");
INSERT INTO geolocations (geolocationID, userID, timestamp, latitude, longitude, createdAt, updatedAt) VALUES ("7geo","1c", "2022-08-04 13:20:15", 43.6688949, -79.3307535, "2022-06-04 9:22:11", "2022-06-04 9:22:11");
INSERT INTO geolocations (geolocationID, userID, timestamp, latitude, longitude, createdAt, updatedAt) VALUES ("8geo","2c", "2022-08-04 13:20:15", 43.6688949, -79.3307535, "2022-06-04 9:22:11", "2022-06-04 9:22:11");
INSERT INTO geolocations (geolocationID, userID, timestamp, latitude, longitude, createdAt, updatedAt) VALUES ("9geo","4c", "2022-08-04 13:20:15", 43.6509,  -79.4821079, "2022-06-04 9:22:11", "2022-06-04 9:22:11");
INSERT INTO geolocations (geolocationID, userID, timestamp, latitude, longitude, createdAt, updatedAt) VALUES ("10geo","4c", "2022-08-04 13:20:15", 43.6680567, -79.340654, "2022-06-04 9:22:11", "2022-06-04 9:22:11");
INSERT INTO geolocations (geolocationID, userID, timestamp, latitude, longitude, createdAt, updatedAt) VALUES ("11geo","3c", "2022-08-04 13:20:15", 43.6688949, -79.3307535, "2022-06-04 9:22:11", "2022-06-04 9:22:11");
INSERT INTO geolocations (geolocationID, userID, timestamp, latitude, longitude, createdAt, updatedAt) VALUES ("12geo","5c", "2022-08-04 13:20:15", 43.6646563, -79.3390735, "2022-06-04 9:22:11", "2022-06-04 9:22:11");
INSERT INTO geolocations (geolocationID, userID, timestamp, latitude, longitude, createdAt, updatedAt) VALUES ("13geo","1c", "2022-08-04 13:20:15",43.663147, -79.3354164, "2022-06-04 9:22:11", "2022-06-04 9:22:11");
INSERT INTO geolocations (geolocationID, userID, timestamp, latitude, longitude, createdAt, updatedAt) VALUES ("14geo","2c", "2022-08-04 13:20:15",43.685118, -79.3949814, "2022-06-04 9:22:11", "2022-06-04 9:22:11");
INSERT INTO geolocations (geolocationID, userID, timestamp, latitude, longitude, createdAt, updatedAt) VALUES ("15geo","1c", "2022-08-04 13:20:15", 43.6918958, -79.3907481, "2022-06-04 9:22:11", "2022-06-04 9:22:11");
INSERT INTO geolocations (geolocationID, userID, timestamp, latitude, longitude, createdAt, updatedAt) VALUES ("16geo","4c", "2022-08-04 13:20:15", 43.6680567, -79.340654, "2022-06-04 9:22:11", "2022-06-04 9:22:11");
INSERT INTO geolocations (geolocationID, userID, timestamp, latitude, longitude, createdAt, updatedAt) VALUES ("17geo","2c", "2022-08-05 13:20:15",43.6918958, -79.3907481, "2022-06-04 9:22:11", "2022-06-04 9:22:11");
INSERT INTO geolocations (geolocationID, userID, timestamp, latitude, longitude, createdAt, updatedAt) VALUES ("18geo","1c", "2022-08-05 13:20:15", 43.685118, -79.3949814, "2022-06-04 9:22:11", "2022-06-04 9:22:11");
INSERT INTO geolocations (geolocationID, userID, timestamp, latitude, longitude, createdAt, updatedAt) VALUES ("19geo","2c", "2022-08-06 13:20:15",43.6918958, -79.3907481, "2022-06-04 9:22:11", "2022-06-04 9:22:11");
INSERT INTO geolocations (geolocationID, userID, timestamp, latitude, longitude, createdAt, updatedAt) VALUES ("20geo","1c", "2022-08-06 13:20:15", 43.685118, -79.3949814, "2022-06-04 9:22:11", "2022-06-04 9:22:11");

-- insert QR scan
INSERT INTO QRScans (QRScanID, userID, businessID, geolocationID, date, createdAt, updatedAt) VALUES ("QR1", "QwduOsS2eBPOAFmVG69anKXIfGC3",  "1b", "7geo", "2022-08-04 13:20:15", "2022-06-04 9:22:11", "2022-06-04 9:22:11");
INSERT INTO QRScans (QRScanID, userID, businessID, geolocationID, date, createdAt, updatedAt) VALUES ("QR2", "QwduOsS2eBPOAFmVG69anKXIfGC3", "1b", "8geo", "2022-08-04 13:20:15", "2022-06-04 9:22:11", "2022-06-04 9:22:11");
-- INSERT INTO QRScans (QRScanID, userID, businessID, geolocationID, date, createdAt, updatedAt) VALUES ("QR3", "QwduOsS2eBPOAFmVG69anKXIfGC3", "13b", "9geo", "2022-08-04 13:20:15", "2022-06-04 9:22:11", "2022-06-04 9:22:11");
INSERT INTO QRScans (QRScanID, userID, businessID, geolocationID, date, createdAt, updatedAt) VALUES ("QR4", "QwduOsS2eBPOAFmVG69anKXIfGC3", "4b", "10geo", "2022-08-04 13:20:15", "2022-06-04 9:22:11", "2022-06-04 9:22:11");
INSERT INTO QRScans (QRScanID, userID, businessID, geolocationID, date, createdAt, updatedAt) VALUES ("QR5", "QwduOsS2eBPOAFmVG69anKXIfGC3", "1b", "11geo", "2022-08-04 13:20:15", "2022-06-04 9:22:11", "2022-06-04 9:22:11");
INSERT INTO QRScans (QRScanID, userID, businessID, geolocationID, date, createdAt, updatedAt) VALUES ("QR6", "QwduOsS2eBPOAFmVG69anKXIfGC3", "2b", "12geo", "2022-08-04 13:20:15", "2022-06-04 9:22:11", "2022-06-04 9:22:11");
INSERT INTO QRScans (QRScanID, userID, businessID, geolocationID, date, createdAt, updatedAt) VALUES ("QR7", "QwduOsS2eBPOAFmVG69anKXIfGC3", "3b", "13geo", "2022-08-04 13:20:15", "2022-06-04 9:22:11", "2022-06-04 9:22:11");
INSERT INTO QRScans (QRScanID, userID, businessID, geolocationID, date, createdAt, updatedAt) VALUES ("QR8", "QwduOsS2eBPOAFmVG69anKXIfGC3", "7b", "14geo", "2022-08-04 13:20:15", "2022-06-04 9:22:11", "2022-06-04 9:22:11");
INSERT INTO QRScans (QRScanID, userID, businessID, geolocationID, date, createdAt, updatedAt) VALUES ("QR9", "QwduOsS2eBPOAFmVG69anKXIfGC3", "6b", "15geo", "2022-08-04 13:20:15", "2022-06-04 9:22:11", "2022-06-04 9:22:11");
INSERT INTO QRScans (QRScanID, userID, businessID, geolocationID, date, createdAt, updatedAt) VALUES ("QR10", "QwduOsS2eBPOAFmVG69anKXIfGC3", "4b", "16geo", "2022-08-04 13:20:15", "2022-06-04 9:22:11", "2022-06-04 9:22:11");
INSERT INTO QRScans (QRScanID, userID, businessID, geolocationID, date, createdAt, updatedAt) VALUES ("QR11", "QwduOsS2eBPOAFmVG69anKXIfGC3", "6b", "17geo", "2022-08-05 13:20:15", "2022-06-04 9:22:11", "2022-06-04 9:22:11");
INSERT INTO QRScans (QRScanID, userID, businessID, geolocationID, date, createdAt, updatedAt) VALUES ("QR12", "QwduOsS2eBPOAFmVG69anKXIfGC3", "7b", "18geo", "2022-08-05 13:20:15", "2022-06-04 9:22:11", "2022-06-04 9:22:11");
INSERT INTO QRScans (QRScanID, userID, businessID, geolocationID, date, createdAt, updatedAt) VALUES ("QR13", "QwduOsS2eBPOAFmVG69anKXIfGC3", "6b", "19geo", "2022-08-06 13:20:15", "2022-06-04 9:22:11", "2022-06-04 9:22:11");
INSERT INTO QRScans (QRScanID, userID, businessID, geolocationID, date, createdAt, updatedAt) VALUES ("QR14", "QwduOsS2eBPOAFmVG69anKXIfGC3", "7b", "20geo", "2022-08-06 13:20:15", "2022-06-04 9:22:11", "2022-06-04 9:22:11");

-- insert into contest
INSERT INTO contests (contestID, prizeValue, startDate, endDate, createdAt, updatedAt) VALUES ("1contest", 500.00, "2022-07-11 10:22:11", "2022-08-11 10:22:11", "2022-06-04 9:22:11", "2022-06-04 9:22:11");

-- insert into participatingIn
INSERT INTO participatingIns (contestID, pocketID, createdAt, updatedAt) VALUES ("1contest", "2p", "2022-06-04 9:22:11", "2022-06-04 9:22:11");